observation_date,IHLIDXUSTPSOFTDEVE
2020-02-01,100.00
2020-02-02,99.84
2020-02-03,99.73
2020-02-04,99.55
2020-02-05,99.46
2020-02-06,99.46
2020-02-07,99.45
2020-02-08,99.52
2020-02-09,99.54
2020-02-10,99.62
2020-02-11,99.65
2020-02-12,99.66
2020-02-13,99.63
2020-02-14,99.64
2020-02-15,99.61
2020-02-16,99.70
2020-02-17,99.72
2020-02-18,99.70
2020-02-19,99.69
2020-02-20,99.75
2020-02-21,99.75
2020-02-22,99.60
2020-02-23,99.60
2020-02-24,99.56
2020-02-25,99.65
2020-02-26,99.67
2020-02-27,99.68
2020-02-28,99.74
2020-02-29,100.00
2020-03-01,100.13
2020-03-02,100.32
2020-03-03,100.46
2020-03-04,100.59
2020-03-05,100.67
2020-03-06,100.80
2020-03-07,100.82
2020-03-08,100.73
2020-03-09,100.56
2020-03-10,100.51
2020-03-11,100.42
2020-03-12,100.41
2020-03-13,100.27
2020-03-14,100.26
2020-03-15,100.22
2020-03-16,100.30
2020-03-17,100.15
2020-03-18,100.00
2020-03-19,99.71
2020-03-20,99.36
2020-03-21,98.76
2020-03-22,98.24
2020-03-23,97.57
2020-03-24,97.06
2020-03-25,96.38
2020-03-26,95.39
2020-03-27,93.96
2020-03-28,92.62
2020-03-29,91.13
2020-03-30,89.75
2020-03-31,88.25
2020-04-01,86.80
2020-04-02,85.57
2020-04-03,84.85
2020-04-04,84.04
2020-04-05,83.25
2020-04-06,82.37
2020-04-07,81.42
2020-04-08,80.66
2020-04-09,79.86
2020-04-10,79.12
2020-04-11,78.65
2020-04-12,78.19
2020-04-13,77.81
2020-04-14,77.48
2020-04-15,77.04
2020-04-16,76.65
2020-04-17,76.22
2020-04-18,75.73
2020-04-19,75.18
2020-04-20,74.73
2020-04-21,74.36
2020-04-22,73.96
2020-04-23,73.68
2020-04-24,73.34
2020-04-25,72.93
2020-04-26,72.60
2020-04-27,72.18
2020-04-28,71.75
2020-04-29,71.27
2020-04-30,70.76
2020-05-01,70.28
2020-05-02,69.89
2020-05-03,69.46
2020-05-04,69.04
2020-05-05,68.70
2020-05-06,68.50
2020-05-07,68.27
2020-05-08,68.02
2020-05-09,67.82
2020-05-10,67.74
2020-05-11,67.59
2020-05-12,67.29
2020-05-13,66.68
2020-05-14,66.26
2020-05-15,66.05
2020-05-16,65.62
2020-05-17,65.15
2020-05-18,64.88
2020-05-19,64.70
2020-05-20,64.88
2020-05-21,65.06
2020-05-22,65.12
2020-05-23,65.24
2020-05-24,65.37
2020-05-25,65.34
2020-05-26,65.31
2020-05-27,65.19
2020-05-28,64.92
2020-05-29,64.75
2020-05-30,64.99
2020-05-31,64.93
2020-06-01,64.83
2020-06-02,64.88
2020-06-03,65.05
2020-06-04,65.12
2020-06-05,65.17
2020-06-06,65.09
2020-06-07,65.19
2020-06-08,65.34
2020-06-09,65.28
2020-06-10,65.21
2020-06-11,65.23
2020-06-12,65.21
2020-06-13,64.99
2020-06-14,64.92
2020-06-15,64.95
2020-06-16,65.01
2020-06-17,65.00
2020-06-18,65.09
2020-06-19,65.12
2020-06-20,65.35
2020-06-21,65.55
2020-06-22,65.56
2020-06-23,65.58
2020-06-24,65.58
2020-06-25,65.60
2020-06-26,65.61
2020-06-27,65.52
2020-06-28,65.40
2020-06-29,65.38
2020-06-30,65.36
2020-07-01,65.37
2020-07-02,65.39
2020-07-03,65.42
2020-07-04,65.46
2020-07-05,65.51
2020-07-06,65.53
2020-07-07,65.65
2020-07-08,65.95
2020-07-09,66.11
2020-07-10,66.39
2020-07-11,66.67
2020-07-12,66.94
2020-07-13,67.30
2020-07-14,67.62
2020-07-15,67.76
2020-07-16,67.91
2020-07-17,68.01
2020-07-18,67.86
2020-07-19,67.94
2020-07-20,68.03
2020-07-21,68.12
2020-07-22,68.24
2020-07-23,68.33
2020-07-24,68.43
2020-07-25,68.75
2020-07-26,68.80
2020-07-27,68.78
2020-07-28,68.80
2020-07-29,68.79
2020-07-30,68.84
2020-07-31,68.87
2020-08-01,69.12
2020-08-02,69.29
2020-08-03,69.49
2020-08-04,69.59
2020-08-05,69.64
2020-08-06,69.70
2020-08-07,69.62
2020-08-08,69.57
2020-08-09,69.65
2020-08-10,69.75
2020-08-11,69.92
2020-08-12,69.98
2020-08-13,70.09
2020-08-14,70.31
2020-08-15,70.09
2020-08-16,70.10
2020-08-17,70.10
2020-08-18,70.14
2020-08-19,70.22
2020-08-20,70.24
2020-08-21,70.25
2020-08-22,70.48
2020-08-23,70.51
2020-08-24,70.49
2020-08-25,70.41
2020-08-26,70.48
2020-08-27,70.57
2020-08-28,70.69
2020-08-29,70.77
2020-08-30,70.81
2020-08-31,70.91
2020-09-01,71.00
2020-09-02,71.16
2020-09-03,71.28
2020-09-04,71.50
2020-09-05,71.70
2020-09-06,71.93
2020-09-07,72.14
2020-09-08,72.35
2020-09-09,72.40
2020-09-10,72.54
2020-09-11,72.63
2020-09-12,72.76
2020-09-13,72.81
2020-09-14,72.83
2020-09-15,72.92
2020-09-16,73.09
2020-09-17,73.29
2020-09-18,73.38
2020-09-19,73.45
2020-09-20,73.59
2020-09-21,73.68
2020-09-22,73.74
2020-09-23,73.76
2020-09-24,73.75
2020-09-25,73.89
2020-09-26,73.98
2020-09-27,74.07
2020-09-28,74.28
2020-09-29,74.50
2020-09-30,74.82
2020-10-01,75.03
2020-10-02,75.26
2020-10-03,75.55
2020-10-04,75.84
2020-10-05,76.03
2020-10-06,76.17
2020-10-07,76.24
2020-10-08,76.39
2020-10-09,76.48
2020-10-10,76.49
2020-10-11,76.59
2020-10-12,76.77
2020-10-13,76.93
2020-10-14,77.18
2020-10-15,77.48
2020-10-16,77.62
2020-10-17,77.83
2020-10-18,78.02
2020-10-19,78.34
2020-10-20,78.70
2020-10-21,79.01
2020-10-22,79.02
2020-10-23,79.26
2020-10-24,79.53
2020-10-25,79.72
2020-10-26,79.76
2020-10-27,79.88
2020-10-28,80.00
2020-10-29,80.26
2020-10-30,80.30
2020-10-31,80.49
2020-11-01,80.76
2020-11-02,80.97
2020-11-03,81.06
2020-11-04,81.17
2020-11-05,81.29
2020-11-06,81.54
2020-11-07,81.63
2020-11-08,81.68
2020-11-09,81.72
2020-11-10,81.89
2020-11-11,81.94
2020-11-12,82.10
2020-11-13,82.24
2020-11-14,82.27
2020-11-15,82.55
2020-11-16,83.01
2020-11-17,83.35
2020-11-18,83.84
2020-11-19,84.26
2020-11-20,84.68
2020-11-21,85.18
2020-11-22,85.41
2020-11-23,85.73
2020-11-24,86.04
2020-11-25,86.33
2020-11-26,86.65
2020-11-27,86.88
2020-11-28,87.16
2020-11-29,87.53
2020-11-30,87.81
2020-12-01,87.86
2020-12-02,88.04
2020-12-03,88.25
2020-12-04,88.59
2020-12-05,88.93
2020-12-06,89.03
2020-12-07,89.02
2020-12-08,89.32
2020-12-09,89.51
2020-12-10,89.49
2020-12-11,89.62
2020-12-12,89.46
2020-12-13,89.68
2020-12-14,90.02
2020-12-15,90.21
2020-12-16,90.29
2020-12-17,90.42
2020-12-18,90.40
2020-12-19,90.60
2020-12-20,90.60
2020-12-21,90.51
2020-12-22,90.57
2020-12-23,90.59
2020-12-24,90.71
2020-12-25,90.77
2020-12-26,90.90
2020-12-27,90.97
2020-12-28,91.06
2020-12-29,91.17
2020-12-30,91.24
2020-12-31,91.28
2021-01-01,91.26
2021-01-02,91.18
2021-01-03,91.10
2021-01-04,90.90
2021-01-05,90.60
2021-01-06,90.53
2021-01-07,90.60
2021-01-08,90.79
2021-01-09,90.83
2021-01-10,91.10
2021-01-11,91.48
2021-01-12,92.01
2021-01-13,92.42
2021-01-14,92.74
2021-01-15,93.16
2021-01-16,93.82
2021-01-17,94.24
2021-01-18,94.54
2021-01-19,94.78
2021-01-20,94.91
2021-01-21,95.02
2021-01-22,95.08
2021-01-23,94.70
2021-01-24,94.80
2021-01-25,95.01
2021-01-26,95.28
2021-01-27,95.64
2021-01-28,96.08
2021-01-29,96.52
2021-01-30,97.22
2021-01-31,97.61
2021-02-01,98.01
2021-02-02,98.38
2021-02-03,98.68
2021-02-04,98.90
2021-02-05,99.23
2021-02-06,99.55
2021-02-07,99.92
2021-02-08,100.25
2021-02-09,100.52
2021-02-10,100.88
2021-02-11,101.33
2021-02-12,101.71
2021-02-13,102.24
2021-02-14,102.60
2021-02-15,102.98
2021-02-16,103.39
2021-02-17,103.79
2021-02-18,104.11
2021-02-19,104.38
2021-02-20,104.41
2021-02-21,104.70
2021-02-22,105.04
2021-02-23,105.38
2021-02-24,105.78
2021-02-25,106.22
2021-02-26,106.65
2021-02-27,107.20
2021-02-28,107.58
2021-03-01,107.83
2021-03-02,108.13
2021-03-03,108.34
2021-03-04,108.54
2021-03-05,108.71
2021-03-06,108.63
2021-03-07,108.86
2021-03-08,109.21
2021-03-09,109.52
2021-03-10,109.83
2021-03-11,110.12
2021-03-12,110.47
2021-03-13,111.21
2021-03-14,111.53
2021-03-15,111.76
2021-03-16,112.09
2021-03-17,112.38
2021-03-18,112.79
2021-03-19,113.22
2021-03-20,113.57
2021-03-21,114.04
2021-03-22,114.50
2021-03-23,114.89
2021-03-24,115.36
2021-03-25,115.65
2021-03-26,115.87
2021-03-27,116.12
2021-03-28,116.27
2021-03-29,116.45
2021-03-30,116.62
2021-03-31,116.71
2021-04-01,116.89
2021-04-02,117.10
2021-04-03,117.26
2021-04-04,117.51
2021-04-05,117.82
2021-04-06,118.06
2021-04-07,118.28
2021-04-08,118.49
2021-04-09,118.77
2021-04-10,118.73
2021-04-11,118.75
2021-04-12,118.79
2021-04-13,118.93
2021-04-14,119.16
2021-04-15,119.35
2021-04-16,119.52
2021-04-17,120.10
2021-04-18,120.61
2021-04-19,121.04
2021-04-20,121.48
2021-04-21,121.89
2021-04-22,122.33
2021-04-23,122.77
2021-04-24,123.20
2021-04-25,123.42
2021-04-26,123.69
2021-04-27,123.94
2021-04-28,124.22
2021-04-29,124.78
2021-04-30,125.24
2021-05-01,125.60
2021-05-02,126.16
2021-05-03,126.70
2021-05-04,127.30
2021-05-05,127.88
2021-05-06,128.26
2021-05-07,128.64
2021-05-08,129.13
2021-05-09,129.46
2021-05-10,129.82
2021-05-11,130.15
2021-05-12,130.62
2021-05-13,131.09
2021-05-14,131.54
2021-05-15,131.86
2021-05-16,132.34
2021-05-17,132.77
2021-05-18,133.20
2021-05-19,133.41
2021-05-20,133.66
2021-05-21,133.89
2021-05-22,133.75
2021-05-23,133.88
2021-05-24,133.88
2021-05-25,133.76
2021-05-26,133.61
2021-05-27,133.46
2021-05-28,133.32
2021-05-29,133.69
2021-05-30,133.73
2021-05-31,133.92
2021-06-01,133.96
2021-06-02,134.29
2021-06-03,134.50
2021-06-04,134.86
2021-06-05,135.09
2021-06-06,135.40
2021-06-07,135.68
2021-06-08,135.99
2021-06-09,136.21
2021-06-10,136.51
2021-06-11,136.69
2021-06-12,136.88
2021-06-13,137.12
2021-06-14,137.45
2021-06-15,137.95
2021-06-16,138.22
2021-06-17,138.47
2021-06-18,138.49
2021-06-19,138.67
2021-06-20,138.62
2021-06-21,138.60
2021-06-22,138.49
2021-06-23,138.58
2021-06-24,138.68
2021-06-25,139.03
2021-06-26,139.30
2021-06-27,139.68
2021-06-28,139.98
2021-06-29,140.42
2021-06-30,140.80
2021-07-01,141.17
2021-07-02,141.47
2021-07-03,141.78
2021-07-04,142.11
2021-07-05,142.46
2021-07-06,142.85
2021-07-07,143.18
2021-07-08,143.46
2021-07-09,143.81
2021-07-10,144.04
2021-07-11,144.22
2021-07-12,144.30
2021-07-13,144.50
2021-07-14,144.75
2021-07-15,145.03
2021-07-16,145.18
2021-07-17,145.35
2021-07-18,145.78
2021-07-19,146.28
2021-07-20,146.66
2021-07-21,146.92
2021-07-22,147.22
2021-07-23,147.72
2021-07-24,148.28
2021-07-25,148.68
2021-07-26,149.00
2021-07-27,149.31
2021-07-28,149.74
2021-07-29,150.12
2021-07-30,150.37
2021-07-31,150.75
2021-08-01,150.99
2021-08-02,151.23
2021-08-03,151.40
2021-08-04,151.62
2021-08-05,151.85
2021-08-06,152.15
2021-08-07,151.71
2021-08-08,151.93
2021-08-09,152.23
2021-08-10,152.63
2021-08-11,153.13
2021-08-12,153.66
2021-08-13,154.25
2021-08-14,155.50
2021-08-15,156.14
2021-08-16,156.69
2021-08-17,157.35
2021-08-18,157.49
2021-08-19,157.94
2021-08-20,158.44
2021-08-21,159.74
2021-08-22,161.13
2021-08-23,162.62
2021-08-24,163.83
2021-08-25,165.62
2021-08-26,167.17
2021-08-27,168.44
2021-08-28,168.84
2021-08-29,169.20
2021-08-30,169.54
2021-08-31,169.78
2021-09-01,169.77
2021-09-02,169.75
2021-09-03,170.01
2021-09-04,170.03
2021-09-05,170.35
2021-09-06,170.67
2021-09-07,171.20
2021-09-08,171.75
2021-09-09,172.05
2021-09-10,172.15
2021-09-11,172.60
2021-09-12,172.76
2021-09-13,172.85
2021-09-14,172.94
2021-09-15,173.15
2021-09-16,173.37
2021-09-17,173.75
2021-09-18,174.04
2021-09-19,174.37
2021-09-20,174.72
2021-09-21,175.05
2021-09-22,175.33
2021-09-23,175.81
2021-09-24,176.20
2021-09-25,176.56
2021-09-26,176.94
2021-09-27,177.31
2021-09-28,177.80
2021-09-29,178.33
2021-09-30,178.63
2021-10-01,179.01
2021-10-02,179.42
2021-10-03,179.78
2021-10-04,180.09
2021-10-05,180.41
2021-10-06,180.66
2021-10-07,181.20
2021-10-08,181.52
2021-10-09,182.20
2021-10-10,182.90
2021-10-11,183.53
2021-10-12,184.25
2021-10-13,184.84
2021-10-14,185.59
2021-10-15,186.53
2021-10-16,186.95
2021-10-17,187.55
2021-10-18,188.24
2021-10-19,188.84
2021-10-20,189.46
2021-10-21,189.77
2021-10-22,189.90
2021-10-23,190.44
2021-10-24,190.71
2021-10-25,190.97
2021-10-26,191.18
2021-10-27,191.41
2021-10-28,191.71
2021-10-29,192.32
2021-10-30,192.79
2021-10-31,193.29
2021-11-01,193.79
2021-11-02,194.22
2021-11-03,194.63
2021-11-04,195.01
2021-11-05,195.21
2021-11-06,195.38
2021-11-07,195.92
2021-11-08,196.42
2021-11-09,196.85
2021-11-10,197.52
2021-11-11,198.82
2021-11-12,199.75
2021-11-13,201.00
2021-11-14,202.03
2021-11-15,202.86
2021-11-16,204.05
2021-11-17,205.10
2021-11-18,205.43
2021-11-19,206.37
2021-11-20,206.48
2021-11-21,206.99
2021-11-22,207.75
2021-11-23,208.20
2021-11-24,208.70
2021-11-25,208.88
2021-11-26,209.18
2021-11-27,209.84
2021-11-28,209.84
2021-11-29,209.77
2021-11-30,210.01
2021-12-01,209.90
2021-12-02,210.43
2021-12-03,210.64
2021-12-04,210.98
2021-12-05,211.50
2021-12-06,212.13
2021-12-07,212.18
2021-12-08,212.52
2021-12-09,212.81
2021-12-10,213.02
2021-12-11,212.86
2021-12-12,213.11
2021-12-13,213.42
2021-12-14,214.11
2021-12-15,214.85
2021-12-16,215.33
2021-12-17,216.02
2021-12-18,216.97
2021-12-19,217.61
2021-12-20,218.05
2021-12-21,217.52
2021-12-22,216.91
2021-12-23,216.37
2021-12-24,215.61
2021-12-25,214.92
2021-12-26,214.07
2021-12-27,213.19
2021-12-28,213.77
2021-12-29,213.81
2021-12-30,213.66
2021-12-31,213.46
2022-01-01,213.06
2022-01-02,212.50
2022-01-03,211.97
2022-01-04,210.93
2022-01-05,210.45
2022-01-06,210.12
2022-01-07,210.05
2022-01-08,209.79
2022-01-09,210.43
2022-01-10,211.22
2022-01-11,211.93
2022-01-12,212.68
2022-01-13,213.67
2022-01-14,214.13
2022-01-15,215.52
2022-01-16,216.18
2022-01-17,216.67
2022-01-18,217.39
2022-01-19,218.07
2022-01-20,218.58
2022-01-21,219.40
2022-01-22,219.39
2022-01-23,219.67
2022-01-24,220.12
2022-01-25,220.59
2022-01-26,221.00
2022-01-27,221.50
2022-01-28,222.19
2022-01-29,223.29
2022-01-30,224.10
2022-01-31,224.54
2022-02-01,225.22
2022-02-02,225.93
2022-02-03,226.54
2022-02-04,226.92
2022-02-05,227.19
2022-02-06,227.40
2022-02-07,228.02
2022-02-08,227.63
2022-02-09,227.87
2022-02-10,228.02
2022-02-11,228.19
2022-02-12,228.38
2022-02-13,228.57
2022-02-14,228.62
2022-02-15,228.68
2022-02-16,228.78
2022-02-17,229.04
2022-02-18,229.46
2022-02-19,229.35
2022-02-20,229.92
2022-02-21,230.46
2022-02-22,231.41
2022-02-23,231.96
2022-02-24,232.41
2022-02-25,232.70
2022-02-26,233.48
2022-02-27,233.62
2022-02-28,233.94
2022-03-01,233.63
2022-03-02,233.49
2022-03-03,233.15
2022-03-04,232.91
2022-03-05,232.33
2022-03-06,232.07
2022-03-07,231.52
2022-03-08,231.87
2022-03-09,231.98
2022-03-10,232.15
2022-03-11,232.26
2022-03-12,232.68
2022-03-13,232.71
2022-03-14,232.78
2022-03-15,231.76
2022-03-16,230.58
2022-03-17,229.33
2022-03-18,227.87
2022-03-19,226.48
2022-03-20,225.36
2022-03-21,223.76
2022-03-22,223.19
2022-03-23,223.05
2022-03-24,223.20
2022-03-25,223.77
2022-03-26,224.34
2022-03-27,224.73
2022-03-28,225.14
2022-03-29,225.15
2022-03-30,225.48
2022-03-31,225.68
2022-04-01,225.73
2022-04-02,225.47
2022-04-03,225.27
2022-04-04,225.03
2022-04-05,225.65
2022-04-06,225.53
2022-04-07,225.32
2022-04-08,225.17
2022-04-09,224.90
2022-04-10,224.47
2022-04-11,224.10
2022-04-12,223.82
2022-04-13,223.62
2022-04-14,223.57
2022-04-15,223.33
2022-04-16,223.52
2022-04-17,223.97
2022-04-18,224.67
2022-04-19,225.01
2022-04-20,225.37
2022-04-21,225.63
2022-04-22,226.01
2022-04-23,226.38
2022-04-24,226.37
2022-04-25,226.59
2022-04-26,226.55
2022-04-27,224.33
2022-04-28,224.26
2022-04-29,223.96
2022-04-30,223.65
2022-05-01,223.62
2022-05-02,223.29
2022-05-03,223.31
2022-05-04,225.47
2022-05-05,225.56
2022-05-06,226.07
2022-05-07,226.35
2022-05-08,226.70
2022-05-09,227.50
2022-05-10,228.06
2022-05-11,228.36
2022-05-12,228.54
2022-05-13,228.44
2022-05-14,228.53
2022-05-15,228.55
2022-05-16,228.48
2022-05-17,227.76
2022-05-18,227.67
2022-05-19,227.63
2022-05-20,227.58
2022-05-21,227.15
2022-05-22,227.12
2022-05-23,226.90
2022-05-24,227.33
2022-05-25,227.21
2022-05-26,227.02
2022-05-27,226.77
2022-05-28,226.79
2022-05-29,226.35
2022-05-30,226.07
2022-05-31,225.51
2022-06-01,224.97
2022-06-02,224.15
2022-06-03,223.36
2022-06-04,222.62
2022-06-05,221.77
2022-06-06,220.90
2022-06-07,220.10
2022-06-08,219.43
2022-06-09,219.07
2022-06-10,218.62
2022-06-11,218.20
2022-06-12,217.87
2022-06-13,217.62
2022-06-14,217.52
2022-06-15,217.40
2022-06-16,217.10
2022-06-17,217.01
2022-06-18,216.79
2022-06-19,216.77
2022-06-20,216.74
2022-06-21,216.69
2022-06-22,216.60
2022-06-23,216.71
2022-06-24,216.53
2022-06-25,216.14
2022-06-26,215.76
2022-06-27,215.03
2022-06-28,214.09
2022-06-29,213.12
2022-06-30,212.16
2022-07-01,211.43
2022-07-02,210.99
2022-07-03,210.25
2022-07-04,209.44
2022-07-05,209.23
2022-07-06,208.55
2022-07-07,207.86
2022-07-08,207.14
2022-07-09,206.21
2022-07-10,205.43
2022-07-11,205.04
2022-07-12,204.22
2022-07-13,203.72
2022-07-14,203.15
2022-07-15,202.55
2022-07-16,202.12
2022-07-17,201.73
2022-07-18,200.97
2022-07-19,200.11
2022-07-20,199.73
2022-07-21,198.99
2022-07-22,198.51
2022-07-23,197.58
2022-07-24,196.96
2022-07-25,196.42
2022-07-26,195.98
2022-07-27,195.19
2022-07-28,194.90
2022-07-29,194.47
2022-07-30,194.64
2022-07-31,194.39
2022-08-01,194.30
2022-08-02,194.00
2022-08-03,193.79
2022-08-04,193.42
2022-08-05,193.05
2022-08-06,192.46
2022-08-07,191.91
2022-08-08,191.55
2022-08-09,191.34
2022-08-10,190.94
2022-08-11,190.52
2022-08-12,189.93
2022-08-13,189.17
2022-08-14,188.60
2022-08-15,187.97
2022-08-16,187.30
2022-08-17,186.64
2022-08-18,186.00
2022-08-19,185.48
2022-08-20,185.15
2022-08-21,184.71
2022-08-22,184.20
2022-08-23,183.41
2022-08-24,183.14
2022-08-25,182.99
2022-08-26,182.69
2022-08-27,182.47
2022-08-28,182.11
2022-08-29,181.65
2022-08-30,181.41
2022-08-31,180.96
2022-09-01,180.44
2022-09-02,179.99
2022-09-03,179.58
2022-09-04,179.23
2022-09-05,178.82
2022-09-06,178.49
2022-09-07,177.88
2022-09-08,177.28
2022-09-09,176.78
2022-09-10,176.22
2022-09-11,175.55
2022-09-12,175.06
2022-09-13,174.64
2022-09-14,174.28
2022-09-15,174.02
2022-09-16,173.73
2022-09-17,173.30
2022-09-18,173.01
2022-09-19,172.56
2022-09-20,171.93
2022-09-21,171.54
2022-09-22,171.06
2022-09-23,170.55
2022-09-24,170.20
2022-09-25,169.76
2022-09-26,169.50
2022-09-27,169.46
2022-09-28,169.13
2022-09-29,168.77
2022-09-30,168.42
2022-10-01,168.12
2022-10-02,167.78
2022-10-03,167.41
2022-10-04,166.71
2022-10-05,166.17
2022-10-06,165.54
2022-10-07,164.74
2022-10-08,163.96
2022-10-09,163.17
2022-10-10,162.53
2022-10-11,162.10
2022-10-12,161.59
2022-10-13,161.20
2022-10-14,161.05
2022-10-15,160.69
2022-10-16,160.53
2022-10-17,160.17
2022-10-18,159.86
2022-10-19,159.59
2022-10-20,159.21
2022-10-21,158.79
2022-10-22,157.84
2022-10-23,157.31
2022-10-24,156.90
2022-10-25,156.49
2022-10-26,156.01
2022-10-27,155.78
2022-10-28,155.42
2022-10-29,155.76
2022-10-30,155.54
2022-10-31,155.41
2022-11-01,155.11
2022-11-02,154.50
2022-11-03,153.62
2022-11-04,152.93
2022-11-05,152.07
2022-11-06,151.32
2022-11-07,150.49
2022-11-08,149.74
2022-11-09,149.27
2022-11-10,148.82
2022-11-11,148.23
2022-11-12,147.87
2022-11-13,147.36
2022-11-14,146.81
2022-11-15,146.34
2022-11-16,146.00
2022-11-17,145.74
2022-11-18,145.45
2022-11-19,144.97
2022-11-20,144.65
2022-11-21,144.32
2022-11-22,143.95
2022-11-23,143.68
2022-11-24,143.36
2022-11-25,143.21
2022-11-26,143.19
2022-11-27,142.99
2022-11-28,142.79
2022-11-29,142.70
2022-11-30,142.55
2022-12-01,142.40
2022-12-02,141.98
2022-12-03,141.53
2022-12-04,140.98
2022-12-05,140.58
2022-12-06,139.87
2022-12-07,138.99
2022-12-08,138.21
2022-12-09,137.61
2022-12-10,136.89
2022-12-11,136.38
2022-12-12,135.71
2022-12-13,135.25
2022-12-14,135.20
2022-12-15,134.90
2022-12-16,134.60
2022-12-17,134.37
2022-12-18,134.08
2022-12-19,133.82
2022-12-20,133.57
2022-12-21,133.10
2022-12-22,132.74
2022-12-23,132.31
2022-12-24,132.08
2022-12-25,131.80
2022-12-26,131.62
2022-12-27,131.48
2022-12-28,131.20
2022-12-29,130.98
2022-12-30,130.85
2022-12-31,130.63
2023-01-01,130.39
2023-01-02,130.07
2023-01-03,129.68
2023-01-04,129.05
2023-01-05,128.65
2023-01-06,128.34
2023-01-07,127.99
2023-01-08,127.78
2023-01-09,127.53
2023-01-10,127.45
2023-01-11,127.66
2023-01-12,127.70
2023-01-13,127.61
2023-01-14,127.33
2023-01-15,127.25
2023-01-16,127.20
2023-01-17,127.05
2023-01-18,126.75
2023-01-19,126.64
2023-01-20,126.24
2023-01-21,125.98
2023-01-22,125.55
2023-01-23,125.07
2023-01-24,124.58
2023-01-25,124.13
2023-01-26,123.47
2023-01-27,123.09
2023-01-28,122.78
2023-01-29,122.36
2023-01-30,121.95
2023-01-31,121.54
2023-02-01,121.23
2023-02-02,120.81
2023-02-03,120.35
2023-02-04,119.90
2023-02-05,119.33
2023-02-06,118.85
2023-02-07,118.25
2023-02-08,117.53
2023-02-09,117.07
2023-02-10,116.61
2023-02-11,116.10
2023-02-12,115.67
2023-02-13,115.22
2023-02-14,114.71
2023-02-15,114.31
2023-02-16,113.74
2023-02-17,113.15
2023-02-18,112.06
2023-02-19,111.50
2023-02-20,111.04
2023-02-21,110.63
2023-02-22,110.14
2023-02-23,109.63
2023-02-24,109.01
2023-02-25,108.95
2023-02-26,108.35
2023-02-27,107.63
2023-02-28,106.90
2023-03-01,106.04
2023-03-02,105.50
2023-03-03,105.13
2023-03-04,104.71
2023-03-05,104.43
2023-03-06,104.21
2023-03-07,103.95
2023-03-08,103.76
2023-03-09,103.48
2023-03-10,103.35
2023-03-11,103.23
2023-03-12,103.00
2023-03-13,102.62
2023-03-14,102.43
2023-03-15,102.44
2023-03-16,102.38
2023-03-17,102.20
2023-03-18,102.04
2023-03-19,101.97
2023-03-20,102.08
2023-03-21,102.16
2023-03-22,102.12
2023-03-23,101.96
2023-03-24,101.83
2023-03-25,101.67
2023-03-26,101.39
2023-03-27,101.02
2023-03-28,100.59
2023-03-29,100.23
2023-03-30,99.99
2023-03-31,99.75
2023-04-01,99.63
2023-04-02,99.51
2023-04-03,99.33
2023-04-04,99.20
2023-04-05,99.07
2023-04-06,99.01
2023-04-07,98.83
2023-04-08,98.63
2023-04-09,98.43
2023-04-10,98.48
2023-04-11,98.52
2023-04-12,98.52
2023-04-13,98.36
2023-04-14,98.28
2023-04-15,97.83
2023-04-16,97.80
2023-04-17,97.61
2023-04-18,97.44
2023-04-19,97.31
2023-04-20,97.30
2023-04-21,97.21
2023-04-22,97.50
2023-04-23,97.41
2023-04-24,97.31
2023-04-25,97.14
2023-04-26,97.52
2023-04-27,97.89
2023-04-28,99.10
2023-04-29,98.84
2023-04-30,98.52
2023-05-01,98.26
2023-05-02,98.13
2023-05-03,98.28
2023-05-04,98.07
2023-05-05,97.45
2023-05-06,98.18
2023-05-07,98.90
2023-05-08,99.45
2023-05-09,99.88
2023-05-10,99.56
2023-05-11,99.50
2023-05-12,98.70
2023-05-13,98.28
2023-05-14,97.93
2023-05-15,97.74
2023-05-16,97.53
2023-05-17,97.07
2023-05-18,96.87
2023-05-19,97.04
2023-05-20,96.83
2023-05-21,96.73
2023-05-22,96.56
2023-05-23,96.33
2023-05-24,96.40
2023-05-25,96.29
2023-05-26,96.16
2023-05-27,95.97
2023-05-28,95.58
2023-05-29,95.28
2023-05-30,95.04
2023-05-31,94.59
2023-06-01,94.05
2023-06-02,93.55
2023-06-03,93.33
2023-06-04,93.08
2023-06-05,92.81
2023-06-06,92.51
2023-06-07,92.22
2023-06-08,91.35
2023-06-09,90.38
2023-06-10,89.10
2023-06-11,87.95
2023-06-12,86.83
2023-06-13,85.70
2023-06-14,84.73
2023-06-15,84.52
2023-06-16,84.25
2023-06-17,84.24
2023-06-18,84.25
2023-06-19,84.23
2023-06-20,84.29
2023-06-21,84.30
2023-06-22,84.29
2023-06-23,84.22
2023-06-24,84.08
2023-06-25,83.89
2023-06-26,83.63
2023-06-27,83.43
2023-06-28,83.20
2023-06-29,82.91
2023-06-30,82.80
2023-07-01,82.67
2023-07-02,82.57
2023-07-03,82.52
2023-07-04,82.43
2023-07-05,82.46
2023-07-06,82.37
2023-07-07,82.32
2023-07-08,82.41
2023-07-09,82.46
2023-07-10,82.54
2023-07-11,82.59
2023-07-12,82.61
2023-07-13,83.19
2023-07-14,83.72
2023-07-15,84.10
2023-07-16,84.52
2023-07-17,84.95
2023-07-18,85.32
2023-07-19,85.68
2023-07-20,85.60
2023-07-21,85.48
2023-07-22,85.08
2023-07-23,84.88
2023-07-24,84.64
2023-07-25,84.47
2023-07-26,84.24
2023-07-27,83.68
2023-07-28,83.20
2023-07-29,82.95
2023-07-30,82.50
2023-07-31,82.04
2023-08-01,81.54
2023-08-02,80.99
2023-08-03,80.73
2023-08-04,80.46
2023-08-05,80.30
2023-08-06,80.08
2023-08-07,79.89
2023-08-08,79.76
2023-08-09,79.67
2023-08-10,79.57
2023-08-11,79.46
2023-08-12,79.28
2023-08-13,79.27
2023-08-14,79.19
2023-08-15,79.08
2023-08-16,78.99
2023-08-17,78.99
2023-08-18,79.12
2023-08-19,79.17
2023-08-20,79.08
2023-08-21,79.08
2023-08-22,79.12
2023-08-23,79.16
2023-08-24,79.13
2023-08-25,78.92
2023-08-26,78.82
2023-08-27,78.76
2023-08-28,78.67
2023-08-29,78.67
2023-08-30,78.62
2023-08-31,78.59
2023-09-01,78.66
2023-09-02,78.79
2023-09-03,78.87
2023-09-04,78.95
2023-09-05,78.92
2023-09-06,78.84
2023-09-07,78.80
2023-09-08,78.71
2023-09-09,78.60
2023-09-10,78.48
2023-09-11,78.34
2023-09-12,78.22
2023-09-13,78.20
2023-09-14,78.12
2023-09-15,77.95
2023-09-16,77.77
2023-09-17,77.47
2023-09-18,77.16
2023-09-19,76.86
2023-09-20,76.52
2023-09-21,76.16
2023-09-22,75.92
2023-09-23,75.62
2023-09-24,75.47
2023-09-25,75.39
2023-09-26,75.30
2023-09-27,75.25
2023-09-28,75.30
2023-09-29,75.24
2023-09-30,75.15
2023-10-01,75.13
2023-10-02,75.12
2023-10-03,75.10
2023-10-04,75.10
2023-10-05,75.04
2023-10-06,75.08
2023-10-07,75.20
2023-10-08,75.23
2023-10-09,75.23
2023-10-10,75.25
2023-10-11,75.22
2023-10-12,75.27
2023-10-13,75.31
2023-10-14,75.38
2023-10-15,75.50
2023-10-16,75.57
2023-10-17,75.65
2023-10-18,75.71
2023-10-19,75.77
2023-10-20,75.76
2023-10-21,75.53
2023-10-22,75.32
2023-10-23,75.25
2023-10-24,75.12
2023-10-25,75.03
2023-10-26,74.83
2023-10-27,74.69
2023-10-28,74.68
2023-10-29,74.62
2023-10-30,74.47
2023-10-31,74.30
2023-11-01,74.20
2023-11-02,74.03
2023-11-03,73.88
2023-11-04,73.78
2023-11-05,73.67
2023-11-06,73.56
2023-11-07,73.50
2023-11-08,73.32
2023-11-09,73.28
2023-11-10,73.21
2023-11-11,73.12
2023-11-12,73.06
2023-11-13,72.99
2023-11-14,72.89
2023-11-15,72.76
2023-11-16,72.73
2023-11-17,72.75
2023-11-18,72.67
2023-11-19,72.68
2023-11-20,72.71
2023-11-21,72.78
2023-11-22,72.81
2023-11-23,72.82
2023-11-24,72.81
2023-11-25,72.89
2023-11-26,72.82
2023-11-27,72.78
2023-11-28,72.73
2023-11-29,72.76
2023-11-30,72.66
2023-12-01,72.56
2023-12-02,72.47
2023-12-03,72.45
2023-12-04,72.40
2023-12-05,72.29
2023-12-06,72.39
2023-12-07,72.49
2023-12-08,72.61
2023-12-09,72.59
2023-12-10,72.67
2023-12-11,72.77
2023-12-12,72.80
2023-12-13,72.70
2023-12-14,72.72
2023-12-15,72.64
2023-12-16,72.66
2023-12-17,72.58
2023-12-18,72.55
2023-12-19,72.64
2023-12-20,72.67
2023-12-21,72.65
2023-12-22,72.62
2023-12-23,72.58
2023-12-24,72.57
2023-12-25,72.57
2023-12-26,72.60
2023-12-27,72.62
2023-12-28,72.63
2023-12-29,72.73
2023-12-30,72.77
2023-12-31,72.74
2024-01-01,72.70
2024-01-02,72.63
2024-01-03,72.59
2024-01-04,72.54
2024-01-05,72.44
2024-01-06,72.39
2024-01-07,72.41
2024-01-08,72.33
2024-01-09,72.19
2024-01-10,72.09
2024-01-11,71.99
2024-01-12,71.90
2024-01-13,71.80
2024-01-14,71.77
2024-01-15,71.82
2024-01-16,71.87
2024-01-17,71.86
2024-01-18,71.83
2024-01-19,71.88
2024-01-20,71.97
2024-01-21,71.92
2024-01-22,71.84
2024-01-23,71.73
2024-01-24,71.70
2024-01-25,71.62
2024-01-26,71.44
2024-01-27,71.36
2024-01-28,71.34
2024-01-29,71.30
2024-01-30,71.30
2024-01-31,71.19
2024-02-01,71.21
2024-02-02,71.35
2024-02-03,71.40
2024-02-04,71.42
2024-02-05,71.33
2024-02-06,71.32
2024-02-07,71.38
2024-02-08,71.35
2024-02-09,71.36
2024-02-10,71.31
2024-02-11,71.25
2024-02-12,71.27
2024-02-13,71.26
2024-02-14,71.26
2024-02-15,71.30
2024-02-16,71.24
2024-02-17,71.05
2024-02-18,71.08
2024-02-19,71.16
2024-02-20,71.27
2024-02-21,71.30
2024-02-22,71.27
2024-02-23,71.20
2024-02-24,71.38
2024-02-25,71.34
2024-02-26,71.25
2024-02-27,71.12
2024-02-28,71.03
2024-02-29,70.96
2024-03-01,70.97
2024-03-02,70.84
2024-03-03,70.76
2024-03-04,70.75
2024-03-05,70.74
2024-03-06,70.80
2024-03-07,70.80
2024-03-08,70.79
2024-03-09,70.91
2024-03-10,70.92
2024-03-11,70.92
2024-03-12,70.89
2024-03-13,70.81
2024-03-14,70.80
2024-03-15,70.82
2024-03-16,70.79
2024-03-17,70.84
2024-03-18,70.88
2024-03-19,70.99
2024-03-20,71.04
2024-03-21,71.07
2024-03-22,71.07
2024-03-23,71.13
2024-03-24,71.11
2024-03-25,71.13
2024-03-26,71.03
2024-03-27,70.96
2024-03-28,70.88
2024-03-29,70.88
2024-03-30,70.87
2024-03-31,70.88
2024-04-01,70.77
2024-04-02,70.74
2024-04-03,70.78
2024-04-04,70.78
2024-04-05,70.67
2024-04-06,70.55
2024-04-07,70.43
2024-04-08,70.42
2024-04-09,70.37
2024-04-10,70.40
2024-04-11,70.50
2024-04-12,70.64
2024-04-13,70.74
2024-04-14,70.84
2024-04-15,70.93
2024-04-16,71.00
2024-04-17,70.97
2024-04-18,70.88
2024-04-19,70.79
2024-04-20,70.54
2024-04-21,70.42
2024-04-22,70.26
2024-04-23,70.18
2024-04-24,69.99
2024-04-25,69.84
2024-04-26,69.64
2024-04-27,69.68
2024-04-28,69.58
2024-04-29,69.47
2024-04-30,69.33
2024-05-01,69.25
2024-05-02,69.14
2024-05-03,69.08
2024-05-04,68.94
2024-05-05,68.89
2024-05-06,68.86
2024-05-07,68.85
2024-05-08,68.83
2024-05-09,68.88
2024-05-10,69.00
2024-05-11,69.10
2024-05-12,69.07
2024-05-13,69.07
2024-05-14,69.10
2024-05-15,69.22
2024-05-16,69.26
2024-05-17,69.19
2024-05-18,69.06
2024-05-19,68.91
2024-05-20,68.69
2024-05-21,68.46
2024-05-22,68.57
2024-05-23,68.63
2024-05-24,68.84
2024-05-25,69.12
2024-05-26,69.53
2024-05-27,69.96
2024-05-28,70.35
2024-05-29,70.29
2024-05-30,70.29
2024-05-31,70.20
2024-06-01,70.20
2024-06-02,70.12
2024-06-03,70.13
2024-06-04,70.09
2024-06-05,70.16
2024-06-06,70.23
2024-06-07,70.27
2024-06-08,70.24
2024-06-09,70.21
2024-06-10,70.12
2024-06-11,70.03
2024-06-12,69.93
2024-06-13,69.80
2024-06-14,69.72
2024-06-15,69.48
2024-06-16,69.43
2024-06-17,69.39
2024-06-18,69.39
2024-06-19,69.39
2024-06-20,69.46
2024-06-21,69.56
2024-06-22,69.77
2024-06-23,69.84
2024-06-24,69.90
2024-06-25,69.99
2024-06-26,70.05
2024-06-27,70.12
2024-06-28,70.10
2024-06-29,70.07
2024-06-30,70.09
2024-07-01,70.11
2024-07-02,70.16
2024-07-03,70.17
2024-07-04,70.17
2024-07-05,70.19
2024-07-06,70.21
2024-07-07,70.22
2024-07-08,70.29
2024-07-09,70.32
2024-07-10,70.41
2024-07-11,70.46
2024-07-12,70.60
2024-07-13,70.79
2024-07-14,70.88
2024-07-15,70.91
2024-07-16,70.85
2024-07-17,70.74
2024-07-18,70.58
2024-07-19,70.39
2024-07-20,69.96
2024-07-21,69.82
2024-07-22,69.73
2024-07-23,69.66
2024-07-24,69.61
2024-07-25,69.60
2024-07-26,69.57
2024-07-27,69.79
2024-07-28,69.75
2024-07-29,69.70
2024-07-30,69.73
2024-07-31,69.74
2024-08-01,69.79
2024-08-02,69.75
2024-08-03,69.61
2024-08-04,69.48
2024-08-05,69.31
2024-08-06,69.13
2024-08-07,68.97
2024-08-08,68.80
2024-08-09,68.71
2024-08-10,68.59
2024-08-11,68.53
2024-08-12,68.57
2024-08-13,68.61
2024-08-14,68.57
2024-08-15,68.49
2024-08-16,68.38
2024-08-17,68.40
2024-08-18,68.40
2024-08-19,68.23
2024-08-20,68.09
2024-08-21,67.98
2024-08-22,67.95
2024-08-23,68.01
2024-08-24,67.99
2024-08-25,67.85
2024-08-26,67.83
2024-08-27,67.84
2024-08-28,67.96
2024-08-29,68.13
2024-08-30,68.22
2024-08-31,68.39
2024-09-01,68.64
2024-09-02,68.84
2024-09-03,68.90
2024-09-04,68.94
2024-09-05,68.91
2024-09-06,68.88
2024-09-07,68.94
2024-09-08,68.94
2024-09-09,68.97
2024-09-10,69.10
2024-09-11,69.20
2024-09-12,69.27
2024-09-13,69.34
2024-09-14,69.39
2024-09-15,69.44
2024-09-16,69.49
2024-09-17,69.58
2024-09-18,69.68
2024-09-19,69.81
2024-09-20,69.94
2024-09-21,70.01
2024-09-22,70.05
2024-09-23,70.09
2024-09-24,70.06
2024-09-25,70.05
2024-09-26,69.96
2024-09-27,69.74
2024-09-28,69.49
2024-09-29,69.37
2024-09-30,69.32
2024-10-01,69.19
2024-10-02,69.03
2024-10-03,68.88
2024-10-04,68.99
2024-10-05,69.14
2024-10-06,69.16
2024-10-07,69.13
2024-10-08,69.19
2024-10-09,69.25
2024-10-10,69.19
2024-10-11,68.99
2024-10-12,68.81
2024-10-13,68.65
2024-10-14,68.52
2024-10-15,68.42
2024-10-16,68.26
2024-10-17,68.26
2024-10-18,68.35
2024-10-19,68.31
2024-10-20,68.38
2024-10-21,68.44
2024-10-22,68.36
2024-10-23,68.41
2024-10-24,68.40
2024-10-25,68.35
2024-10-26,68.43
2024-10-27,68.42
2024-10-28,68.38
2024-10-29,68.45
2024-10-30,68.41
2024-10-31,68.50
2024-11-01,68.61
2024-11-02,68.59
2024-11-03,68.54
2024-11-04,68.51
2024-11-05,68.40
2024-11-06,68.31
2024-11-07,68.13
2024-11-08,67.90
2024-11-09,67.70
2024-11-10,67.57
2024-11-11,67.42
2024-11-12,67.30
2024-11-13,67.19
2024-11-14,67.08
2024-11-15,66.96
2024-11-16,66.94
2024-11-17,66.82
2024-11-18,66.76
2024-11-19,66.74
2024-11-20,66.68
2024-11-21,66.60
2024-11-22,66.58
2024-11-23,66.62
2024-11-24,66.68
2024-11-25,66.70
2024-11-26,66.75
2024-11-27,66.89
2024-11-28,67.08
2024-11-29,67.27
2024-11-30,67.40
2024-12-01,67.49
2024-12-02,67.60
2024-12-03,67.68
2024-12-04,67.70
2024-12-05,67.73
2024-12-06,67.67
2024-12-07,67.59
2024-12-08,67.52
2024-12-09,67.52
2024-12-10,67.47
2024-12-11,67.43
2024-12-12,67.36
2024-12-13,67.34
2024-12-14,67.25
2024-12-15,67.33
2024-12-16,67.31
2024-12-17,67.33
2024-12-18,67.33
2024-12-19,67.31
2024-12-20,67.32
2024-12-21,67.41
2024-12-22,67.38
2024-12-23,67.36
2024-12-24,67.36
2024-12-25,67.40
2024-12-26,67.49
2024-12-27,67.50
2024-12-28,67.53
2024-12-29,67.54
2024-12-30,67.57
2024-12-31,67.57
2025-01-01,67.56
2025-01-02,67.53
2025-01-03,67.51
2025-01-04,67.44
2025-01-05,67.37
2025-01-06,67.33
2025-01-07,67.31
2025-01-08,67.29
2025-01-09,67.27
2025-01-10,67.28
2025-01-11,67.34
2025-01-12,67.44
2025-01-13,67.54
2025-01-14,67.63
2025-01-15,67.75
2025-01-16,67.89
2025-01-17,68.02
2025-01-18,68.04
2025-01-19,68.06
2025-01-20,68.00
2025-01-21,67.93
2025-01-22,67.79
2025-01-23,67.63
2025-01-24,67.46
2025-01-25,67.41
2025-01-26,67.30
2025-01-27,67.19
2025-01-28,67.09
2025-01-29,67.04
2025-01-30,66.99
2025-01-31,66.92
2025-02-01,66.82
2025-02-02,66.71
2025-02-03,66.61
2025-02-04,66.52
2025-02-05,66.38
2025-02-06,66.25
2025-02-07,66.07
2025-02-08,65.91
2025-02-09,65.75
2025-02-10,65.61
2025-02-11,65.49
2025-02-12,65.39
2025-02-13,65.25
2025-02-14,65.15
2025-02-15,64.84
2025-02-16,64.78
2025-02-17,64.71
2025-02-18,64.52
2025-02-19,64.26
2025-02-20,64.04
2025-02-21,63.77
2025-02-22,63.81
2025-02-23,63.60
2025-02-24,63.29
2025-02-25,63.08
2025-02-26,62.95
2025-02-27,62.86
2025-02-28,62.83
2025-03-01,62.64
2025-03-02,62.60
2025-03-03,62.66
2025-03-04,62.72
2025-03-05,62.72
2025-03-06,62.79
2025-03-07,62.76
2025-03-08,62.77
2025-03-09,62.66
2025-03-10,62.48
2025-03-11,62.30
2025-03-12,62.17
2025-03-13,61.89
2025-03-14,61.76
2025-03-15,61.68
2025-03-16,61.66
2025-03-17,61.65
2025-03-18,61.66
2025-03-19,61.72
2025-03-20,61.89
2025-03-21,62.15
2025-03-22,62.31
2025-03-23,62.43
2025-03-24,62.57
2025-03-25,62.75
2025-03-26,62.81
2025-03-27,62.77
2025-03-28,62.67
2025-03-29,62.61
2025-03-30,62.56
2025-03-31,62.59
2025-04-01,62.62
2025-04-02,62.71
2025-04-03,62.85
2025-04-04,63.08
2025-04-05,63.35
2025-04-06,63.62
2025-04-07,63.87
2025-04-08,64.01
2025-04-09,64.16
2025-04-10,64.24
2025-04-11,64.16
2025-04-12,64.08
2025-04-13,63.96
2025-04-14,63.74
2025-04-15,63.64
2025-04-16,63.50
2025-04-17,63.49
2025-04-18,63.50
2025-04-19,63.42
2025-04-20,63.46
2025-04-21,63.59
2025-04-22,63.67
2025-04-23,63.75
2025-04-24,63.69
2025-04-25,63.61
2025-04-26,63.63
2025-04-27,63.56
2025-04-28,63.47
2025-04-29,63.31
2025-04-30,63.24
2025-05-01,63.20
2025-05-02,63.22
2025-05-03,63.25
2025-05-04,63.20
2025-05-05,63.03
2025-05-06,63.11
2025-05-07,63.07
2025-05-08,62.93
2025-05-09,62.81
2025-05-10,62.73
2025-05-11,62.59
2025-05-12,62.47
2025-05-13,62.19
2025-05-14,61.89
2025-05-15,61.75
2025-05-16,61.57
2025-05-17,61.10
2025-05-18,61.17
2025-05-19,61.35
2025-05-20,61.50
2025-05-21,61.83
2025-05-22,62.15
2025-05-23,62.42
2025-05-24,63.01
2025-05-25,63.22
2025-05-26,63.45
2025-05-27,63.67
2025-05-28,63.68
2025-05-29,63.77
2025-05-30,63.93
2025-05-31,64.03
2025-06-01,64.14
2025-06-02,64.25
2025-06-03,64.42
2025-06-04,64.71
2025-06-05,64.97
2025-06-06,65.13
2025-06-07,65.32
2025-06-08,65.42
2025-06-09,65.46
2025-06-10,65.47
2025-06-11,65.53
2025-06-12,65.49
2025-06-13,65.46
2025-06-14,65.29
2025-06-15,65.32
2025-06-16,65.37
2025-06-17,65.36
2025-06-18,65.42
2025-06-19,65.50
2025-06-20,65.58
2025-06-21,65.77
2025-06-22,65.78
2025-06-23,65.81
2025-06-24,65.89
2025-06-25,65.83
2025-06-26,65.73
2025-06-27,65.69
2025-06-28,65.65
2025-06-29,65.62
2025-06-30,65.52
2025-07-01,65.33
2025-07-02,65.14
2025-07-03,64.99
2025-07-04,64.82
2025-07-05,64.71
2025-07-06,64.54
2025-07-07,64.48
2025-07-08,64.51
2025-07-09,64.57
2025-07-10,64.71
2025-07-11,64.86
2025-07-12,64.94
2025-07-13,65.07
2025-07-14,65.14
2025-07-15,65.27
2025-07-16,65.43
2025-07-17,65.55
2025-07-18,65.65
2025-07-19,65.65
2025-07-20,65.82
2025-07-21,65.98
2025-07-22,66.11
2025-07-23,66.14
2025-07-24,66.17
2025-07-25,66.13
2025-07-26,66.17
2025-07-27,66.09
2025-07-28,66.11
2025-07-29,66.09
2025-07-30,66.08
2025-07-31,66.03
2025-08-01,66.21
2025-08-02,66.26
2025-08-03,66.27
2025-08-04,66.21
2025-08-05,66.19
2025-08-06,66.18
2025-08-07,66.17
2025-08-08,66.02
2025-08-09,65.97
2025-08-10,66.05
2025-08-11,66.12
2025-08-12,66.00
2025-08-13,65.99
2025-08-14,66.00
2025-08-15,66.06
2025-08-16,66.20
2025-08-17,66.20
2025-08-18,66.27
2025-08-19,66.46
2025-08-20,66.54
2025-08-21,66.61
2025-08-22,66.59
2025-08-23,66.49
2025-08-24,66.45
2025-08-25,66.28
2025-08-26,66.19
2025-08-27,66.12
2025-08-28,66.08
2025-08-29,65.74
2025-08-30,65.52
2025-08-31,65.24
2025-09-01,65.05
2025-09-02,64.79
2025-09-03,64.54
2025-09-04,64.43
2025-09-05,64.59
2025-09-06,64.72
2025-09-07,64.89
2025-09-08,65.05
2025-09-09,65.23
2025-09-10,65.41
2025-09-11,65.43
2025-09-12,65.50
2025-09-13,65.43
2025-09-14,65.29
2025-09-15,65.14
2025-09-16,65.05
2025-09-17,64.97
2025-09-18,64.88
2025-09-19,64.73
2025-09-20,64.72
2025-09-21,64.68
2025-09-22,64.60
2025-09-23,64.48
2025-09-24,64.36
2025-09-25,64.26
2025-09-26,64.19
2025-09-27,64.10
2025-09-28,64.13
2025-09-29,64.18
2025-09-30,64.30
2025-10-01,64.31
2025-10-02,64.32
2025-10-03,64.37
2025-10-04,64.41
2025-10-05,64.39
2025-10-06,64.39
2025-10-07,64.32
2025-10-08,64.29
2025-10-09,64.30
2025-10-10,64.37
2025-10-11,64.40
2025-10-12,64.48
2025-10-13,64.56
2025-10-14,64.72
2025-10-15,64.95
2025-10-16,65.08
2025-10-17,65.19
2025-10-18,65.16
2025-10-19,65.28
2025-10-20,65.38
2025-10-21,65.37
2025-10-22,65.30
2025-10-23,65.33
2025-10-24,65.37
2025-10-25,65.52
2025-10-26,65.52
2025-10-27,65.55
2025-10-28,65.68
2025-10-29,65.84
2025-10-30,66.00
2025-10-31,65.96
2025-11-01,65.86
2025-11-02,65.90
2025-11-03,65.96
2025-11-04,65.93
2025-11-05,65.94
2025-11-06,65.95
2025-11-07,66.10
2025-11-08,66.37
2025-11-09,66.38
2025-11-10,66.33
2025-11-11,66.37
2025-11-12,66.34
2025-11-13,66.27
2025-11-14,66.15
2025-11-15,66.20
2025-11-16,66.28
2025-11-17,66.31
2025-11-18,66.33
2025-11-19,66.30
2025-11-20,66.34
2025-11-21,66.37
2025-11-22,66.38
2025-11-23,66.37
2025-11-24,66.38
2025-11-25,66.36
2025-11-26,66.46
2025-11-27,66.52
2025-11-28,66.60
2025-11-29,66.58
2025-11-30,66.61
2025-12-01,66.66
2025-12-02,66.66
2025-12-03,66.58
2025-12-04,66.53
2025-12-05,66.50
2025-12-06,66.49
2025-12-07,66.52
2025-12-08,66.48
2025-12-09,66.50
2025-12-10,66.59
2025-12-11,66.63
2025-12-12,66.71
2025-12-13,66.83
2025-12-14,66.92
2025-12-15,66.99
2025-12-16,67.06
2025-12-17,67.07
2025-12-18,67.13
2025-12-19,67.17
2025-12-20,67.16
2025-12-21,67.06
2025-12-22,67.14
2025-12-23,67.19
2025-12-24,67.29
2025-12-25,67.29
2025-12-26,67.26
2025-12-27,67.20
2025-12-28,67.20
2025-12-29,67.13
2025-12-30,67.15
2025-12-31,67.13
2026-01-01,67.06
2026-01-02,67.03
2026-01-03,66.93
2026-01-04,66.85
2026-01-05,66.80
2026-01-06,66.76
2026-01-07,66.80
2026-01-08,66.91
2026-01-09,66.98
2026-01-10,67.14
2026-01-11,67.38
2026-01-12,67.49
2026-01-13,67.61
2026-01-14,67.65
2026-01-15,67.79
2026-01-16,67.99
2026-01-17,68.19
2026-01-18,68.29
2026-01-19,68.43
2026-01-20,68.46
2026-01-21,68.53
2026-01-22,68.54
2026-01-23,68.61
2026-01-24,68.68
2026-01-25,68.84
2026-01-26,68.94
2026-01-27,69.11
2026-01-28,69.27
2026-01-29,69.37
2026-01-30,69.44
2026-01-31,69.56
2026-02-01,69.64
2026-02-02,69.81
2026-02-03,69.96
2026-02-04,70.06
2026-02-05,70.07
2026-02-06,70.30
2026-02-07,70.32
2026-02-08,70.40
2026-02-09,70.42
2026-02-10,70.49
2026-02-11,70.52
2026-02-12,70.70
2026-02-13,70.62
2026-02-14,70.71
2026-02-15,70.83
2026-02-16,70.94
2026-02-17,70.96
2026-02-18,71.12
2026-02-19,71.26
2026-02-20,71.44
2026-02-21,71.45
2026-02-22,71.40
2026-02-23,71.27
2026-02-24,71.03
2026-02-25,70.71
2026-02-26,70.34
2026-02-27,69.88
